question,answer,,,,,,,,,,
What are the different types of soil found in Kerala?,The major soil types found in Kerala are laterite,,,,,,,,,,
How can I prepare my soil for planting?,To prepare your soil for planting,,,,,,,,,,
What are the best irrigation methods for farming in Kerala?,The best irrigation methods for farming in Kerala depend on the type of crop being grown and the soil type. Some common irrigation methods used in Kerala include drip irrigation,,,,,,,,,,
How can I prevent soil erosion on my farm?,You can prevent soil erosion on your farm by planting cover crops,,,,,,,,,,
What are some common crop diseases found in Kerala?,Some common crop diseases found in Kerala include rice blast,,,,,,,,,,
What is the best time to plant rice in Kerala?,The best time to plant rice in Kerala is during the monsoon season,,,,,,,,,,
What is the difference between organic and conventional farming?,Organic farming involves using natural methods to grow crops and control pests and diseases,,,,,,,,,,
How can I control pests in my fields without using chemicals?,You can control pests in your fields without using chemicals by using natural methods like crop rotation,,,,,,,,,,
What are some common spices grown in Kerala?,Some common spices grown in Kerala include black pepper,,,,,,,,,,
How can I improve the fertility of my soil?,You can improve the fertility of your soil by adding organic matter like compost or manure,,,,,,,,,,
What are some common methods of seed propagation?,Some common methods of seed propagation include direct seeding,,,,,,,,,,
How can I maintain the quality of my crops after harvest?,To maintain the quality of your crops after harvest,,,,,,,,,,
What are some common pests that affect coconut trees in Kerala?,Some common pests that affect coconut trees in Kerala include red palm weevil,,,,,,,,,,
How can I increase the shelf life of my fruits and vegetables?,You can increase the shelf life of your fruits and vegetables by storing them at the right temperature and humidity levels. It's also important to handle,,,,,,,,,,
What are the most commonly grown crops in Kerala?,The most commonly grown crops in Kerala are rice,,,,,,,,,,
How do I prepare the soil for growing vegetables?,To prepare soil for growing vegetables,,,,,,,,,,
What is the best time to plant paddy in Kerala?,The best time to plant paddy in Kerala is between June and July,,,,,,,,,,
How can I protect my crops from pests and diseases?,You can protect your crops from pests and diseases by using natural pesticides,,,,,,,,,,
What are the benefits of using organic farming methods?,Organic farming methods are beneficial because they promote soil health,,,,,,,,,,
How can I increase the yield of my crops?,You can increase the yield of your crops by using high-quality seeds,,,,,,,,,,
What are the common irrigation methods used in Kerala?,The common irrigation methods used in Kerala include drip irrigation,,,,,,,,,,
What are the major challenges faced by farmers in Kerala?,The major challenges faced by farmers in Kerala include land scarcity,,,,,,,,,,
How can I improve the quality of my produce?,You can improve the quality of your produce by using high-quality seeds,,,,,,,,,,
What are the main sources of agricultural income in Kerala?,The main sources of agricultural income in Kerala are paddy cultivation,,,,,,,,,,
What are the major crops grown in Kerala?,The major crops grown in Kerala include rice,,,,,,,,,,
What are some common agricultural pests and diseases in Kerala?,Some common agricultural pests and diseases in Kerala include the coconut black headed caterpillar,,,,,,,,,,
What are some good practices for maintaining healthy soil in a Kerala farm?,Good practices for maintaining healthy soil in a Kerala farm include crop rotation,,,,,,,,,,
What is the role of government in agriculture in Kerala?,The government in Kerala provides various subsidies,,,,,,,,,,
What are some common irrigation techniques used in Kerala farming?,Common irrigation techniques used in Kerala farming include drip irrigation,,,,,,,,,,
What are some common post-harvesting techniques used in Kerala?,Common post-harvesting techniques used in Kerala include drying,,,,,,,,,,
What are the benefits of intercropping in a Kerala farm?,Intercropping helps in increasing the productivity of the farm,,,,,,,,,,
How can farmers in Kerala reduce water wastage?,Farmers in Kerala can reduce water wastage by using efficient irrigation techniques like drip irrigation and by collecting and storing rainwater.,,,,,,,,,,
What is the best time for planting rice in Kerala?,The best time for planting rice in Kerala is from May to June during the monsoon season.,,,,,,,,,,
How can farmers in Kerala protect their crops from pests and diseases without using chemicals?,Farmers in Kerala can protect their crops from pests and diseases by using natural methods like crop rotation,,,,,,,,,,
What is the ideal temperature range for growing tea in Kerala?,The ideal temperature range for growing tea in Kerala is 20-30°C.,,,,,,,,,,
What are some common problems faced by rubber farmers in Kerala?,Some common problems faced by rubber farmers in Kerala include leaf fall disease,,,,,,,,,,
What are the advantages of using organic farming methods in Kerala?,Organic farming methods in Kerala are environmentally sustainable,,,,,,,,,,
What is the role of women in agriculture in Kerala?,Women play a significant role in agriculture in Kerala,,,,,,,,,,
What are some good practices for conserving water in a Kerala farm?,Good practices for conserving water in a Kerala farm include using efficient irrigation methods,,,,,,,,,,
What is the best time for planting coconut trees in Kerala?,The best time for planting coconut trees in Kerala is during the monsoon season from May to July.,,,,,,,,,,
What are some common farming tools and equipment used in Kerala?,Common farming tools and equipment used in Kerala include hoes,,,,,,,,,,
What are some common problems faced by rice farmers in Kerala?,Some common problems faced by rice farmers in Kerala include pests like rice blast disease and bacterial leaf blight,,,,,,,,,,
What is the role of fertilizers in Kerala farming?,Fertilizers play a crucial role in improving soil fertility and increasing crop productivity in Kerala farming.,,,,,,,,,,
What are some good practices for maintaining the health of coconut trees in Kerala?,Good practices for maintaining the health of coconut trees in Kerala include regular pruning,,,,,,,,,,
What are the major crops grown in Kerala?,The major crops grown in Kerala include paddy,,,,,,,,,,
What is the role of agriculture in the economy of Kerala?,Agriculture plays a significant role in the economy of Kerala,,,,,,,,,,
What are some of the challenges faced by farmers in Kerala?,Farmers in Kerala face a range of challenges,,,,,,,,,,
What is the importance of organic farming in Kerala?,Organic farming is becoming increasingly important in Kerala,,,,,,,,,,
What are the main factors affecting crop productivity in Kerala?,The main factors affecting crop productivity in Kerala include soil fertility,,,,,,,,,,
What is the impact of climate change on agriculture in Kerala?,Climate change is having a significant impact on agriculture in Kerala,,,,,,,,,,
What are some of the common pests and diseases affecting crops in Kerala?,Some of the common pests and diseases affecting crops in Kerala include leaf spot,,,,,,,,,,
What is the government doing to support agriculture in Kerala?,The government of Kerala has launched a number of initiatives to support agriculture,,,,,,,,,,
How can farmers in Kerala improve their productivity?,Farmers in Kerala can improve their productivity by adopting good agricultural practices,,,,,,,,,,
What are the main steps involved in the cultivation of paddy in Kerala?,The main steps involved in the cultivation of paddy in Kerala include land preparation,,,,,,,,,,
What are the benefits of crop diversification for farmers in Kerala?,Crop diversification can help farmers in Kerala reduce their risk of crop failure,,,,,,,,,,
What is the role of cooperatives in agriculture in Kerala?,Cooperatives play an important role in agriculture in Kerala,,,,,,,,,,
What are some of the popular spices grown in Kerala?,Kerala is known for its rich variety of spices,,,,,,,,,,
How can farmers in Kerala cope with water scarcity?,Farmers in Kerala can cope with water scarcity by adopting water-saving technologies like drip irrigation,,,,,,,,,,
What is the importance of livestock farming in Kerala?,Livestock farming is an important source of livelihood for many farmers in Kerala,,,,,,,,,,
What are some of the common problems faced by livestock farmers in Kerala?,Some of the common problems faced by livestock farmers in Kerala include poor animal health,,,,,,,,,,
What is the best way to store seeds?,Seeds should be stored in a cool,,,,,,,,,,
How can I ensure that my seeds are high quality?,It's important to purchase seeds from reputable sources and to check for the germination rate before planting.,,,,,,,,,,
What are heirloom seeds?,Heirloom seeds are seeds that have been passed down through generations of farmers and are often open-pollinated,,,,,,,,,,
What are some common climate-related challenges for farmers in Kerala?,Farmers in Kerala may face challenges such as flooding,,,,,,,,,,
How can farmers protect their crops from pests without using harmful pesticides?,Farmers can use natural methods such as crop rotation,,,,,,,,,,
What is the role of pesticides in agriculture?,Pesticides are used to control pests and diseases that can damage crops and reduce yields. However,,,,,,,,,,
What are some common pesticides used in agriculture?,Common pesticides used in agriculture include insecticides,,,,,,,,,,
What is integrated pest management?,Integrated pest management is a holistic approach to pest control that involves using a combination of methods,,,,,,,,,,
How can farmers adapt to climate change?,Farmers can adapt to climate change by using drought-resistant crops,,,,,,,,,,
What are some examples of sustainable farming practices?,Examples of sustainable farming practices include conservation tillage,,,,,,,,,,
What is the best time to plant tapioca?,The best time to plant tapioca is during May to June.,,,,,,,,,,
What are the benefits of intercropping?,Intercropping helps to increase the overall yield,,,,,,,,,,
How to prevent pest infestations in paddy fields?,Using biocontrol agents and natural pesticides can help prevent pest infestations in paddy fields.,,,,,,,,,,
What is the ideal temperature for growing cardamom?,The ideal temperature for growing cardamom is between 10°C to 35°C.,,,,,,,,,,
What is the best time to plant mango trees in Kerala?,The best time to plant mango trees in Kerala is during the pre-monsoon season from March to May.,,,,,,,,,,
What are the common diseases affecting coconut trees in Kerala?,The common diseases affecting coconut trees in Kerala are stem bleeding,,,,,,,,,,
What are the benefits of using organic manure?,Using organic manure helps to improve soil fertility,,,,,,,,,,
What are the benefits of using green manure?,Using green manure helps to improve soil fertility,,,,,,,,,,
What is the ideal time for pruning coffee plants?,The ideal time for pruning coffee plants is from January to February.,,,,,,,,,,
What are the benefits of drip irrigation?,Drip irrigation helps to reduce water usage,,,,,,,,,,
What are the common pests affecting tomato plants in Kerala?,The common pests affecting tomato plants in Kerala are aphids,,,,,,,,,,
What are the benefits of using neem oil as a pesticide?,Using neem oil as a pesticide helps to control a wide range of pests,,,,,,,,,,
What is the ideal time for planting ginger in Kerala?,The ideal time for planting ginger in Kerala is from May to July.,,,,,,,,,,
What are the benefits of using biofertilizers?,Using biofertilizers helps to improve soil fertility,,,,,,,,,,
What is the ideal temperature for growing black pepper?,The ideal temperature for growing black pepper is between 20°C to 30°C.,,,,,,,,,,
Using vermicompost helps to improve soil fertility,,,,,,,,,,
What are the common pests affecting paddy crops in Kerala?,The common pests affecting paddy crops in Kerala are stem borers,,,,,,,,,,
What are the benefits of using cow dung as a fertilizer?,Using cow dung as a fertilizer helps to improve soil fertility,,,,,,,,,,
What is the ideal time for planting banana trees in Kerala?,The ideal time for planting banana trees in Kerala is during the rainy season from June to September.,,,,,,,,,,
What are the benefits of using compost tea?,Using compost tea helps to improve soil fertility,,,,,,,,,,
What is the ideal temperature for growing rubber trees?,The ideal temperature for growing rubber trees is between 25°C to 35°C.,,,,,,,,,,
What are the common diseases affecting banana plants in Kerala?,The common diseases affecting banana plants in Kerala are bunchy top disease and Panama wilt disease.,,,,,,,,,,
What are the benefits of using fish emulsion as a fertilizer?,Using fish emulsion as a fertilizer helps to improve soil fertility,,,,,,,,,,
What is the ideal time for planting pepper in Kerala?,The ideal time for planting pepper in Kerala is from March to April.,,,,,,,,,,
What are the current market prices for cardamom?,The current market prices for cardamom in Kerala are around Rs. 2,,,,,,,,,,
What are the current market prices for black pepper?,The current market prices for black pepper in Kerala are around Rs. 350 to Rs. 400 per kg.,,,,,,,,,,
What are the current market prices for coconut?,The current market prices for coconut in Kerala are around Rs. 25 to Rs. 30 per kg.,,,,,,,,,,
What are the current market prices for rubber?,The current market prices for rubber in Kerala are around Rs. 170 to Rs. 180 per kg.,,,,,,,,,,
What are the current market prices for coffee?,The current market prices for coffee in Kerala are around Rs. 5,,,,,,,,,,
What are the current market prices for ginger?,The current market prices for ginger in Kerala are around Rs. 60 to Rs. 80 per kg.,,,,,,,,,,
What are the current market prices for turmeric?,The current market prices for turmeric in Kerala are around Rs. 70 to Rs. 80 per kg.,,,,,,,,,,
What are the current market prices for banana?,The current market prices for banana in Kerala are around Rs. 20 to Rs. 25 per kg.,,,,,,,,,,
What are the current market prices for betel leaf?,The current market prices for betel leaf in Kerala are around Rs. 200 to Rs. 250 per kg.,,,,,,,,,,
What is the current price of rice in the Kerala market?,The current price of rice in the Kerala market varies depending on the variety,,,,,,,,,,
What are some common diseases that affect aquaculture?,Common diseases in aquaculture include bacterial infections,,,,,,,,,,
How can I prevent disease outbreaks in my aquaculture operation?,To prevent disease outbreaks in your aquaculture operation,,,,,,,,,,
What are some common diseases that affect dairy cows?,Common diseases that affect dairy cows include mastitis,,,,,,,,,,
How can I prevent disease in my dairy herd?,To prevent disease in your dairy herd,,,,,,,,,,
What are some common pests that affect orchards?,Common pests that affect orchards include aphids,,,,,,,,,,
What are some organic methods for controlling orchard pests?,Organic methods for controlling orchard pests include using beneficial insects,,,,,,,,,,
What are some common diseases that affect dogs in a farming environment?,Common diseases that affect dogs in a farming environment include Lyme disease,,,,,,,,,,
How can I protect my dogs from disease in a farming environment?,To protect your dogs from disease in a farming environment,,,,,,,,,,
What are some common diseases that affect poultry?,Common diseases that affect poultry include avian influenza,,,,,,,,,,
How can I prevent disease outbreaks in my poultry flock?,To prevent disease outbreaks in your poultry flock,,,,,,,,,,
What are the best crops to grow during the rainy season in Kerala?,Rice,,,,,,,,,,
What is the average yield per hectare for rice cultivation in Kerala?,The average yield per hectare for rice cultivation in Kerala is around 2,,,,,,,,,,
What are some common diseases that affect pepper plants in Kerala?,Some common diseases that affect pepper plants in Kerala include foot rot,,,,,,,,,,
What is the best time to plant tapioca in Kerala?,The best time to plant tapioca in Kerala is during the summer season,,,,,,,,,,
How can I control leaf blight in tomato plants?,Leaf blight in tomato plants can be controlled by removing infected leaves,,,,,,,,,,
What are some common diseases that affect cashew trees in Kerala?,Some common diseases that affect cashew trees in Kerala include powdery mildew,,,,,,,,,,
What is the ideal temperature range for dairy cows in Kerala?,The ideal temperature range for dairy cows in Kerala is between 15°C and 25°C.,,,,,,,,,,
What is the best time to prune grape vines in Kerala?,The best time to prune grape vines in Kerala is during the winter season,,,,,,,,,,
What is the best time to plant onion in Kerala?,The best time to plant onion in Kerala is during the winter season,,,,,,,,,,
What are some common diseases that affect coconut trees in Kerala?,Some common diseases that affect coconut trees in Kerala include lethal yellowing disease,,,,,,,,,,
How can I prevent fungal diseases in cucumber plants?,Fungal diseases in cucumber plants can be prevented by providing adequate spacing between plants,,,,,,,,,,
What is the best time to harvest pepper in Kerala?,The best time to harvest pepper in Kerala is during the months of November and December.,,,,,,,,,,
What is the ideal pH range for growing pineapple in Kerala?,The ideal pH range for growing pineapple in Kerala is between 4.5 and 5.5.,,,,,,,,,,
What are some common diseases that affect ginger plants in Kerala?,Some common diseases that affect ginger plants in Kerala include soft rot,,,,,,,,,,
How can I control fruit flies in mango trees?,Fruit flies in mango trees can be controlled by using pheromone traps,,,,,,,,,,
What is the best time to plant banana in Kerala?,The best time to plant banana in Kerala is during the summer season,,,,,,,,,,
What is the best time to plant cocoa in Kerala?,The best time to plant cocoa in Kerala is during the monsoon season,,,,,,,,,,
What are some common diseases that affect tomato plants in Kerala?,Some common diseases that affect tomato plants in Kerala include bacterial wilt,,,,,,,,,,
How can I control root rot in cardamom plants?,Root rot in cardamom plants can be controlled by using fungicides,,,,,,,,,,
What is the ideal temperature range for growing turmeric in Kerala?,The ideal temperature range for growing turmeric in Kerala is between 20°C and 30°C.,,,,,,,,,,
What is the best time to plant rubber trees in Kerala?,The best time to plant rubber trees in Kerala is during the monsoon season,,,,,,,,,,
What are some common diseases that affect aquaculture?,Some common diseases that affect aquaculture include bacterial infections,,,,,,,,,,
How can you prevent the spread of diseases in aquaculture?,You can prevent the spread of diseases in aquaculture by maintaining good water quality,,,,,,,,,,
What are some common diseases that affect dairy cows?,Some common diseases that affect dairy cows include mastitis,,,,,,,,,,
How can you prevent the spread of diseases in a dairy herd?,You can prevent the spread of diseases in a dairy herd by maintaining good hygiene,,,,,,,,,,
What are some common diseases that affect honeybees?,Some common diseases that affect honeybees include Varroa mites,,,,,,,,,,
How can you prevent the spread of diseases in a beehive?,You can prevent the spread of diseases in a beehive by practicing good hive management,,,,,,,,,,
What are some common diseases that affect dogs on a farm?,Some common diseases that affect dogs on a farm include parvovirus,,,,,,,,,,
How can you prevent the spread of diseases in a dog population on a farm?,You can prevent the spread of diseases in a dog population on a farm by vaccinating the dogs against common diseases,,,,,,,,,,
What are some common diseases that affect poultry?,Some common diseases that affect poultry include avian influenza,,,,,,,,,,
How can you prevent the spread of diseases in a poultry flock?,You can prevent the spread of diseases in a poultry flock by maintaining good hygiene,,,,,,,,,,
What are some common diseases that affect pigs on a farm?,Some common diseases that affect pigs on a farm include African swine fever,,,,,,,,,,
How can you prevent the spread of diseases in a pig herd?,You can prevent the spread of diseases in a pig herd by maintaining good hygiene,,,,,,,,,,
What are some common diseases that affect goats on a farm?,Some common diseases that affect goats on a farm include caprine arthritis and encephalitis,,,,,,,,,,
How can you prevent the spread of diseases in a goat herd?,You can prevent the spread of diseases in a goat herd by maintaining good hygiene,,,,,,,,,,
What are some common diseases that affect sheep on a farm?,Some common diseases that affect sheep on a farm include foot rot,,,,,,,,,,
How can you prevent the spread of diseases in a sheep flock?,You can prevent the spread of diseases in a sheep flock by maintaining good hygiene,,,,,,,,,,
What are some common diseases that affect cattle on a farm?,Some common diseases that affect cattle on a farm include bovine respiratory disease,,,,,,,,,,
How can you prevent the spread of diseases in a cattle herd?,You can prevent the spread of diseases in a cattle herd by maintaining good hygiene,,,,,,,,,,
What are some common diseases that affect horses on a farm?,Some common diseases that affect horses on a farm include equine influenza,,,,,,,,,,
which are the varieties of rice that can be cultivated in upland as the first crop?,"these are the varieties PTB 28, PTB 29, PTB 30, Suvarnamodan, Annapoorna, Matta Triveni, Swarnaprabha, Rohini, Aiswarya, Vaishak,Harsha",,,,,,,,,,
which are the varieties of rice that can be cultivated in palliyals land region as the first crop?,"for short durations :Rohini, Annapoorna, Matta Triveni, Jyothi, Kairali, Kanchana, Harsha, Karthika, Ahalya, Prathyasa and for medium durations : aswathy , bharathi ,jaya , aiswarya , athira and for lond durations : mashuri",,,,,,,,,,
which are the varieties of rice that can be cultivated in double crop wet land region as the first crop?,"for short durations: Matta Triveni, Annapoorna, Jyothi, Aruna,
Makom, Swarnaprabha, Ahalya, Varsha, Rohini, Karthika,
Revathi, Remanika, Krishnanjana, Kanchana, Harsha, Kairali,
Kunjukunju Varna, Kunjukunju Priya, Prathyasa and for medium duations : Aswathy, Sabari, Bharathy, Jaya, Arathy,
Remya, Kanakom, Ranjini, Pavithra, Panchami, Uma, Aathira,
Aiswarya, Pavizham, Bhadra and for long duration : mahsuri",,,,,,,,,,
which are the types of rice varieties that can be cultivated in puncha season in kuttanad land region?,"Short duration : Karthika, Makom, Jyothi,
Matta Triveni, Annapoorna, Revathi, Remanika,
Krishnanjana, Prathyasa
Medium duration : Kanakom, Jaya, Sabari, Bharathy, Ranjini,
Pavithra, Panchami, Uma, Gouri, Bhadra, Asha, Pavizham, Sreya",,,,,,,,,,
which are the types of rice varieties that can be cultivated in kari soils ?," Short duration : Krishnanjana, Vyttila 6
 Medium duration : Uma, Vyttila 2",,,,,,,,,,
which are the types of rice varieties that can be cultivated in kole area in mundakan season ?," Extra short duration : Hraswa
Short duration : Karthika, Makom, Aruna, Jyothi, Onam,
Bhagya, Matta Triveni, Annapoorna, Revathi, Remanika,
Krishnanjana, Ahalya, Varsha, Swarnaprabha, Kanchana,
Kairali, Manupriya, Prathyasa
Medium duration : Pavizham, Remya, Kanakom, Jaya,
Ranjini, Pavithra, Panchami, Uma, Bhadra, Aswathy, Sabari,
Bharathy and Aiswarya",,,,,,,,,,
which are the types of rice varieties that can be cultivated in pokkali area?,"Vyttila-1, Vyttila-2, Vyttila-3, Vyttila-4,Vyttila-5,Vyttila-6,
Vyttila-7, Vyttila-8, Vyttila-9",,,,,,,,,,
which are the types of rice varieties that can be cultivated in deep ill drained regions of southern as first crop ?,"remya , arathi , uma",,,,,,,,,,
which are the types of rice varieties that can be cultivated in water logged and flooded areas ?,"first crop :IR-5, Pankaj, Jagannath, H4, Mahsuri, Neeraja, Mangala Mahsuri and for second crop : sagara , amritha",,,,,,,,,,
which are the types of rice varieties that can be cultivated in chittoor black soil?,"First crop ASD 16, ASD 17, Mahsuri, Varsha, ADT 43, Ranjini
Second crop: Ponni, Vellaponni, Ponmani, ASD 16, ASD 17, Pranava,
Karuna, Swetha, Bhadra",,,,,,,,,,
What are the best rice varieties for cultivation in Kerala, and how do I obtain quality seeds?,There are several rice varieties that are suitable for cultivation in Kerala, such as Jyothi, Uma, Rajalaxmi, and Vytilla 1. You can obtain quality seeds from government seed banks, agriculture departments, or certified seed producers.,,,
How can I improve soil fertility for rice cultivation, and what inputs should I use for pest and disease management?,To improve soil fertility, you can use organic manure, compost, green manure, and biofertilizers. For pest and disease management, you can use integrated pest management techniques, such as crop rotation, biological control, and pheromone traps, and avoid the overuse of pesticides and chemicals.
How can I access government subsidies and assistance for rice cultivation, and what are the eligibility criteria?,To access government subsidies and assistance, you need to be a registered farmer with a valid landholding certificate. You can apply for various schemes such as the Pradhan Mantri Fasal Bima Yojana (PMFBY), Krishi Bhavan subsidy scheme, or the Rashtriya Krishi Vikas Yojana (RKVY) through your local agriculture department or online portals.,,,,,,
What are the best practices for water management in rice cultivation, and how can I conserve water and reduce costs?,Best practices for water management in rice cultivation include alternate wetting and drying, direct seeding, and drip irrigation. You can also use water-saving technologies such as the System of Rice Intensification (SRI) or the aerobic rice system. To conserve water and reduce costs, you can also use rainwater harvesting, grow crops that require less water, and use micro-irrigation systems.,,,,
How can I ensure a good harvest and post-harvest management of rice crops, and what are the market prospects for rice in Kerala?,To ensure a good harvest and post-harvest management, you can follow best practices such as timely harvesting, proper threshing, and storage in clean and dry conditions. The market prospects for rice in Kerala are generally good, as rice is a staple food in the region and there is a high demand for quality rice in the domestic and international markets.,,,,,
What are the latest technological advancements and innovations in rice cultivation, and how can I incorporate them into my farming practices?,The latest technological advancements and innovations in rice cultivation include precision farming, remote sensing, GIS mapping, drone technology, and machine learning. To incorporate them into your farming practices, you can seek guidance and training from agriculture extension officers, attend workshops and seminars, or join farmer groups and cooperatives.,,
How can I obtain credit and financial support for rice cultivation, and what are the interest rates and repayment options?,To obtain credit and financial support, you can approach banks, financial institutions, or government schemes such as the Kisan Credit Card or the Mudra loan. The interest rates and repayment options vary depending on the scheme and the bank, so it is advisable to compare and choose the best option for your needs.,,,,,
How can I get access to training and capacity building programs for rice cultivation, and what are the costs and duration of such programs?,To get access to training and capacity building programs, you can approach agriculture extension officers, research institutions, or non-governmental organizations (NGOs) that offer such programs. The costs and duration of the programs vary depending on the organization and the type of program, so it is advisable to inquire beforehand.,,,,,
What are the government schemes available for vegetable cultivation?,There are various government schemes available for vegetable cultivation in Kerala such as the Rashtriya Krishi Vikas Yojana (RKVY), National Horticulture Mission (NHM), Kissan Credit Card (KCC), and Pradhan Mantri Fasal Bima Yojana (PMFBY).,,,,,,,
How can I apply for these schemes?,You can apply for these schemes through the respective government departments or agencies. For example, RKVY and NHM are implemented by the Department of Agriculture and Farmers Welfare, while KCC is offered by banks, and PMFBY is implemented by the Agriculture Insurance Company of India Limited (AIC).,,,,,,,
What is the subsidy available for vegetable cultivation?,The subsidy available for vegetable cultivation may vary depending on the scheme and the type of vegetable being cultivated. For example, under RKVY, a subsidy of 50% of the cost of cultivation is provided for vegetables such as tomato, chilli, and brinjal. Under NHM, a subsidy of up to 50% of the cost of inputs is provided for cultivation of vegetables in protected cultivation such as greenhouse, shade net, and polyhouse.,,,
What are the recommended vegetable crops for cultivation in Kerala?,Some of the recommended vegetable crops for cultivation in Kerala include tomato, brinjal, chilli, cucumber, bitter gourd, pumpkin, beans, and okra.,,,
How can I get technical guidance for vegetable cultivation?,You can get technical guidance for vegetable cultivation by contacting the Department of Agriculture or Horticulture, or by attending training programs conducted by these departments. Additionally, you can also seek guidance from agricultural scientists or experts in your local area.,,,,,,,,
What are the common pests and diseases in vegetable cultivation and how can I control them?,Common pests and diseases in vegetable cultivation include aphids, thrips, mites, powdery mildew, and bacterial wilt. You can control them by using biocontrol agents, pesticides, or by adopting cultural practices such as crop rotation, use of resistant varieties, and sanitation practices. It is important to follow the recommended practices for pest and disease management to avoid the risk of pesticide residue and other negative impacts on the environment and human health.,,
What are the best practices for soil preparation for vegetable cultivation?,The best practices for soil preparation for vegetable cultivation include land leveling, removal of debris and rocks, plowing, and addition of organic matter such as compost or manure. The soil should be tested for nutrient content and pH levels, and appropriate fertilizers and lime should be added to achieve optimal soil fertility and pH.,,,,,,
What are the irrigation requirements for vegetable crops?,The irrigation requirements for vegetable crops depend on various factors such as the crop type, soil type, weather conditions, and stage of growth. Generally, vegetables require frequent and adequate irrigation to maintain optimal moisture levels in the soil. Drip irrigation and sprinkler irrigation are some of the efficient methods of irrigation for vegetable crops.,,,,,,
What are the post-harvest handling practices for vegetables?,Post-harvest handling practices for vegetables include proper harvesting techniques, sorting, grading, washing, and packaging. Vegetables should be handled carefully to avoid damage and bruising. Proper storage conditions such as cool temperatures and low humidity should be maintained to ensure freshness and prevent spoilage.,,,,,,
What are the marketing options available for vegetable crops?,Marketing options for vegetable crops include selling the produce at the local market, to wholesale buyers, or through contract farming agreements. Farmers can also sell their produce through online marketplaces or by setting up their own retail outlets. It is important to select the appropriate marketing channel based on factors such as crop type, location, and market demand.,,,,,,
What are the best practices for soil preparation for vegetable cultivation?,"The best practices for soil preparation for vegetable cultivation include land leveling, removal of debris and rocks, plowing, and addition of organic matter such as compost or manure. The soil should be tested for nutrient content and pH levels, and appropriate fertilizers and lime should be added to achieve optimal soil fertility and pH.",,,,,,,,,,
What are the irrigation requirements for vegetable crops?,"The irrigation requirements for vegetable crops depend on various factors such as the crop type, soil type, weather conditions, and stage of growth. Generally, vegetables require frequent and adequate irrigation to maintain optimal moisture levels in the soil. Drip irrigation and sprinkler irrigation are some of the efficient methods of irrigation for vegetable crops.",,,,,,,,,,
What are the post-harvest handling practices for vegetables?,"Post-harvest handling practices for vegetables include proper harvesting techniques, sorting, grading, washing, and packaging. Vegetables should be handled carefully to avoid damage and bruising. Proper storage conditions such as cool temperatures and low humidity should be maintained to ensure freshness and prevent spoilage.",,,,,,,,,,
What are the marketing options available for vegetable crops?,"Marketing options for vegetable crops include selling the produce at the local market, to wholesale buyers, or through contract farming agreements. Farmers can also sell their produce through online marketplaces or by setting up their own retail outlets. It is important to select the appropriate marketing channel based on factors such as crop type, location, and market demand.",,,,,,,,,,
